student_id,hours_studied,sleep_hours,attendance_percent,previous_scores,exam_score
S001,8,8.8,72.1,45,60.4
S002,1.3,8.6,60.7,55,50
S003,4,8.2,73.7,86,71.6
S004,3.5,4.8,95.1,66,68
S005,9.1,6.4,89.8,71,80.6
S006,8.4,5.1,58.5,75,71.4
S007,10.8,6,54.2,88,75.8
S008,2,4.3,75.8,55,36.6
S009,5.6,5.9,81.6,84,69.4
S010,1.3,8.9,66.8,70,49.4
S011,3.4,5.3,90.9,81,58.6
S012,6.6,7.9,87.6,85,70.2
S013,1.3,6.3,83.6,71,62.4
S014,3.2,6.1,61.2,68,60.4
S015,8.1,8.8,60,90,82.2
S016,7,9,51.2,41,68.2
S017,3.4,6.8,62.2,45,57.8
S018,7.5,7.6,73.8,58,72.6
S019,9.9,4.8,92.5,54,71.2
S020,1.1,5.5,53.6,65,34.2
S021,9.9,8.8,70.7,84,92
S022,8.7,6.9,81.5,55,72.2
S023,4.7,6.7,59.7,59,59.2
S024,2.7,7.7,84.8,82,71.8
S025,11.5,4.3,74.7,77,78.4
S026,4.7,6.9,62.2,63,60
S027,2,6.5,82.8,70,58
S028,2.1,8.3,50.3,75,53
S029,10.3,4.8,87.5,73,74.4
S030,7.6,8.8,88.5,62,72.4
S031,9.9,4.4,55.3,67,69
S032,9,4.9,71.3,87,83.2
S033,6.9,7,58.8,75,76.2
S034,11.7,7.4,97.9,61,85.4
S035,5.2,5.2,75.9,62,64
S036,7.1,4.6,52.5,84,64
S037,10.1,8.5,62.5,69,89.4
S038,7.8,5.2,92.4,57,76.6
S039,10.5,7,72.8,59,79.6
S040,7.4,7.1,90.1,56,70
S041,8.8,6.1,83.4,54,68.4
S042,1.5,6.9,99.4,47,46.2
S043,3.5,6.6,79.8,86,74.4
S044,4.2,8.7,97.5,52,60.6
S045,1.9,5,94.6,60,52.2
S046,3.6,7.6,80.6,47,63.6
S047,2.1,5.2,86,87,63.2
S048,4.1,6,75.2,74,62.2
S049,8,7.4,91.5,88,82.4
S050,5,5.5,77.4,84,61.2
S051,5.1,5.6,94.9,51,57.6
S052,3.3,7.8,87.2,52,61.4
S053,3.9,4.4,73.7,53,53.8
S054,11.3,6.3,63,87,92.8
S055,8.1,9,62.4,70,68.8
S056,7.7,9,81.9,57,74
S057,2.9,4.4,88.3,86,70.4
S058,9,5.1,76.1,77,76.4
S059,2.8,5.3,81.3,88,66
S060,5.2,8.7,63.7,73,58.4
S061,11.9,8.4,53.9,78,97.2
S062,8,8.4,64.3,58,72.2
S063,7.1,5.8,63.6,46,54.2
S064,8.5,4.8,66,93,72.2
S065,10.3,8.2,77,52,79
S066,9.5,7.5,56.9,58,73.4
S067,3.5,7.1,61.6,54,43.4
S068,1.4,8.9,84.7,63,64.4
S069,4.5,7.3,85.3,51,67
S070,3.9,4,53.2,59,47.8
S071,3.3,8.1,70.4,40,41.6
S072,11.4,5.5,77.1,85,95.8
S073,10.6,7.3,70.8,74,83.8
S074,4.5,8.7,60.3,48,59
S075,8.2,4.7,71,57,67
S076,5.4,4.6,95.2,42,52.6
S077,11.1,4.5,79.2,43,79.8
S078,6,6.8,84.8,75,80.6
S079,3.9,5.4,92.8,58,53
S080,3.7,7,88.3,84,68.4
S081,7.2,7.6,69,48,61.6
S082,3.9,5,50.3,80,64.8
S083,7.4,7.2,67.6,95,79.6
S084,10.9,5.3,87.7,88,97.8
S085,5.4,6.4,92.7,71,76
S086,3.4,8.5,97.7,46,53
S087,12,8.2,71,95,99.8
S088,6.6,4.5,87.4,40,57.2
S089,2,6.1,77.3,76,64.2
S090,1.5,5.4,80.2,58,47.8
S091,2.2,4,61,70,54.6
S092,7.9,7.9,61,70,68
S093,9.7,7.2,71.8,68,75
S094,5.6,5.3,51.5,61,58.2
S095,1.7,7.7,66.8,51,56.2
S096,5.2,6.8,84,43,57.4
S097,12,6.1,70.2,56,73.8
S098,6.8,4,58.3,95,72
S099,11.7,4.4,73.4,70,79.8
S100,10.5,8.4,56.4,47,74.2
S101,1.1,8.5,81.1,92,62.8
S102,8.9,6.7,51.3,44,62.6
S103,8.5,8.2,69.7,65,71.4
S104,6.9,6.9,78.2,71,65.2
S105,3.9,4.7,51.4,44,48.2
S106,8.1,4.6,82.1,76,76.4
S107,2.2,5.5,56.8,80,47.4
S108,5.8,8.5,73.1,83,78.4
S109,6,8,52.5,43,46.4
S110,11.5,8.3,69,49,84.4
S111,10.6,8.5,60.6,49,79.2
S112,3.9,5.1,66.3,91,69.6
S113,6.5,5.2,88.1,76,69.2
S114,3,4.5,69,59,52.8
S115,11,7.9,87.6,45,86.2
S116,10.6,8.4,91.6,55,92.8
S117,4.3,6,62.6,47,50.4
S118,8,7.1,54.1,75,62.6
S119,7.7,4.8,51,88,71.6
S120,2.7,8.6,77,66,59.6
S121,9.4,8.3,100,78,95.8
S122,6.9,8.9,67.5,78,81.8
S123,9.6,8.1,82.5,90,88.2
S124,6.8,8.4,89.1,79,78.6
S125,1,4.1,82.6,54,42.4
S126,4.6,7.7,87.7,89,77.2
S127,1.2,5.7,97.5,73,53.6
S128,11.2,8.7,60,64,85.4
S129,10.7,8,51,68,72.2
S130,10.1,8.3,57.6,68,78.4
S131,4.4,8.1,56.3,59,65.8
S132,1.6,5.3,83.5,95,57.6
S133,10.7,7.9,78.2,77,91.4
S134,11.4,4.5,60.9,67,81.6
S135,1.9,8.4,85,59,61.2
S136,6.3,8.3,88.3,76,82.2
S137,1.8,5.1,58.4,79,58
S138,9.4,8.1,80.4,43,70.2
S139,9.4,6.3,87.4,79,79.8
S140,2.4,5.5,55.7,87,59.8
S141,6.2,8,91,46,70
S142,7,5.1,98.2,88,86.6
S143,3.9,4.1,55.4,53,38
S144,10.6,5,51.3,80,70.2
S145,5.7,5.6,65.6,53,59.8
S146,3.3,8.3,83.9,56,66
S147,6.9,8.8,97.9,82,91.6
S148,9,5.4,69.8,45,71
S149,3.2,7.2,85.8,50,52.8
S150,4.4,6,53.8,55,43.8
S151,11.9,8.9,84.5,51,88.2
S152,8.1,6.7,81.4,75,84.6
S153,5.8,8.7,55.1,44,55.4
S154,6.7,4.6,88.6,50,66.8
S155,2.3,8.9,92.5,40,59.4
S156,3.5,4.9,80,66,47.2
S157,4.7,8.8,56.1,68,67.2
S158,7.5,5.3,99.2,84,75.8
S159,3.5,4.5,89.1,78,59
S160,3.4,6.2,67.4,70,49.4
S161,1.8,7.6,71.4,58,50.4
S162,7.9,5.6,68.5,42,62.8
S163,3.5,7,75.3,54,60
S164,11,6.6,67.1,58,71.6
S165,10.5,5.9,92.5,85,81.2
S166,1.8,6.9,91.1,58,60.2
S167,3.6,5.3,55.3,84,60.6
S168,8.4,7.5,98,95,84
S169,3.4,4,81.8,69,64.2
S170,2.5,8.6,91.4,44,45.6
S171,11.3,6.7,85.4,83,90.6
S172,7.3,7.6,71.8,54,62
S173,6.2,7.7,86.7,56,62
S174,9.6,7.4,98.3,90,81.8
S175,9.9,5.8,63.5,90,89.6
S176,3.1,4.3,90.4,80,68.8
S177,2.1,7.3,76.9,77,61.4
S178,5.7,5.7,74.2,82,62
S179,5.7,5.6,71.8,91,70
S180,6.1,8.2,86.6,52,62.8
S181,9,7.6,63.4,67,76.8
S182,8.4,5.5,92.6,47,72.2
S183,11.8,5.5,91.5,74,88.2
S184,2.1,6,54.3,54,38.8
S185,5.4,6,94.1,81,78.8
S186,4.7,5.5,62.2,49,45.8
S187,10.5,4.6,73.2,57,72.4
S188,3.7,6.1,80.5,92,66.8
S189,3.1,8.7,68.9,49,46.8
S190,5.9,7.4,51.4,44,56
S191,5.6,8.5,92.5,43,64.4
S192,4.1,7.1,59.1,50,61.4
S193,3.7,5.5,60.6,90,57.6
S194,11.2,6.7,89.9,59,93.4
S195,5.9,4,67,78,67.6
S196,10.5,5.4,94,87,85.4
S197,7.1,6.1,85.1,92,80.8
S198,1.6,6.9,63.8,76,56.4
S199,12,7.3,50.5,58,84
S200,10.2,6.3,97.4,68,75.6
